"DataStream_x","DataStream_y"
0,0,
1,6.3703,
2,6.9691,
3,7.6574,
4,4.1696,
5,3.1241,
6,3.4683,
7,8.1895,
8,4.6788,
9,2.5473,
10,4.5739,
11,4.2669,
12,2.9408,
13,2.9288,
14,4.2357,
15,3.5634,
16,3.9651,
17,3.1176,
18,4.565,
19,7.7146,
20,3.2655,
21,3.365,
22,4.5344,
23,4.6588,
24,3.564,
25,4.2611,
26,4.282,
27,4.6534,
28,4.2276,
29,3.8834,
30,4.0419,
31,4.2879,
32,3.8785,
33,8.1459,
34,5.9786,
35,5.3686,
36,3.5886,
37,3.1023,
38,4.4692,
39,4.627,
40,3.5116,
41,2.6643,
42,3.614,
43,4.1717,
44,2.802,
45,2.6012,
46,2.7556,
47,2.5971,
48,5.8006,
49,6.1802,
50,3.4179,
51,5.1314,
52,4.8188,
53,2.7242,
54,3.2857,
55,4.1284,
56,4.6392,
57,3.7175,
58,3.7044,
59,8.432,
60,6.0796,
61,3.9053,
62,5.4249,
63,2.982,
64,3.2599,
65,3.183,
66,5.3485,
67,3.2826,
68,3.7774,
69,4.4739,
70,7.1443,
71,6.5942,
72,4.6961,
73,4.2969,
74,3.1839,
75,3.1294,
76,4.7207,
77,4.2134,
78,3.8588,
79,3.3688,
80,4.4098,
81,4.3202,
82,3.7913,
83,3.2061,
84,4.6495,
85,3.5491,
86,4.6981,
87,4.3485,
88,10.3441,
89,4.6591,
90,5.286,
91,3.3233,
92,4.5574,
93,5.1249,
94,4.6472,
95,4.4389,
96,4.6213,
97,10.1585,
98,5.4801,
99,6.7107,
100,4.4348,
101,6.123,
102,4.3206,
103,3.7354,
104,4.7901,
105,6.3793,
106,5.897,
107,5.093,
108,6.5827,
109,4.1595,
110,4.8531,
111,4.1143,
112,4.1363,
113,3.3281,
114,6.7128,
115,8.2863,
116,3.2465,
117,5.7038,
118,3.93,
119,3.7623,
120,4.9556,
121,4.3869,
122,3.5949,
123,3.3852,
124,5.769,
125,6.7529,
126,4.2963,
127,4.55,
128,5.3757,
129,4.0552,
130,4.3157,
131,4.0004,
132,4.7015,
133,4.3777,
134,4.7007,
135,7.1906,
136,5.6137,
137,4.6486,
138,4.8267,
139,4.4494,
140,5.7675,
141,5.1807,
142,4.1911,
143,5.4165,
144,4.5036,
145,4.9019,
146,5.7328,
147,3.8839,
148,4.655,
149,4.9073,
150,7.2015,
151,6.4451,
152,4.3998,
153,4.8974,
154,5.3507,
155,6.2153,
156,4.2642,
157,3.923,
158,7.1702,
159,8.5259,
160,6.2646,
161,4.5174,
162,4.727,
163,6.3717,
164,3.8646,
165,3.7165,
166,4.5126,
167,7.2656,
168,9.0064,
169,8.3122,
170,4.3136,
171,5.9469,
172,6.2565,
173,4.7829,
174,7.7055,
175,9.4375,
176,6.0867,
177,5.9344,
178,6.2289,
179,6.3316,
180,4.7538,
181,5.7507,
182,8.8057,
183,6.2809,
184,4.6271,
185,7.0743,
186,4.6578,
187,5.2584,
188,6.4265,
189,5.1446,
190,7.0991,
191,8.4999,
192,5.9038,
193,7.1368,
194,4.5939,
195,4.5989,
196,6.9156,
197,8.1638,
198,7.0916,
199,4.6741,
200,4.7542,
201,6.7744,
202,4.9502,
203,4.7888,
204,6.1783,
205,5.2156,
206,5.0034,
207,6.4859,
208,7.7956,
209,6.3101,
210,5.7179,
211,5.2986,
212,5.6504,
213,5.9572,
214,5.2807,
215,6.352,
216,8.3226,
217,7.229,
218,5.9212,
219,5.8893,
220,5.6181,
221,5.9289,
222,5.7591,
223,9.0121,
224,6.2659,
225,5.828,
226,6.0469,
227,6.4536,
228,6.484,
229,5.5886,
230,7.2497,
231,7.4259,
232,5.6383,
233,6.2023,
234,5.8401,
235,5.5178,
236,6.2285,
237,6.3888,
238,9.8414,
239,7.0115,
240,6.8116,
241,7.188,
242,7.0715,
243,7.0879,
244,5.9069,
245,6.8888,
246,7.2816,
247,10.3335,
248,6.7954,
249,6.2254,
250,7.6578,
251,6.1144,
252,8.0469,
253,6.2987,
254,6.6242,
255,9.9986,
256,7.2892,
257,7.5779,
258,7.1527,
259,7.4894,
260,7.422,
261,7.7915,
262,11.2991,
263,8.5868,
264,6.7261,
265,7.4885,
266,7.7505,
267,7.1165,
268,6.8176,
269,9.7418,
270,7.1826,
271,7.4792,
272,7.6314,
273,6.7356,
274,8.3313,
275,9.3077,
276,8.5726,
277,6.5226,
278,7.9756,
279,6.8417,
280,8.195,
281,8.3835,
282,7.4375,
283,9.1364,
284,7.9503,
285,7.4212,
286,7.3161,
287,7.1959,
288,6.7758,
289,8.122,
290,8.9684,
291,7.3595,
292,7.4082,
293,7.7038,
294,7.0846,
295,8.2751,
296,9.9594,
297,7.5104,
298,7.1544,
299,8.015,
300,7.629,
301,10.1785,
302,8.8819,
303,7.7715,
304,7.4894,
305,7.6158,
306,7.0467,
307,7.5118,
308,7.6418,
309,9.0143,
310,8.9967,
311,9.2406,
312,7.0217,
313,7.7933,
314,7.3787,
315,10.9296,
316,7.1902,
317,7.6742,
318,7.437,
319,7.6146,
320,8.1686,
321,7.3362,
322,8.1152,
323,9.3899,
324,8.0165,
325,8.0475,
326,7.9645,
327,8.119,
328,9.5368,
329,12.8712,
330,9.3632,
331,7.8415,
332,8.7514,
333,9.8272,
334,7.4832,
335,7.2637,
336,6.9809,
337,7.0817,
338,7.631,
339,6.9856,
340,8.837,
341,9.8511,
342,7.4652,
343,7.2597,
344,8.5832,
345,8.8938,
346,7.6066,
347,12.1746,
348,7.3626,
349,9.3794,
350,7.905,
351,7.6971,
352,8.2696,
353,9.6045,
354,8.328,
355,7.7042,
356,8.1026,
357,7.3518,
358,11.0702,
359,8.0545,
360,8.0427,
361,7.4055,
362,7.5157,
363,8.3142,
364,13.0442,
365,9.5849,
366,6.396,
367,7.1528,
368,6.8646,
369,6.8207,
370,7.2658,
371,6.5784,
372,7.4167,
373,6.5478,
374,6.8992,
375,6.8922,
376,7.7431,
377,7.4975,
378,7.9563,
379,7.3389,
380,7.2253,
381,7.033,
382,6.8568,
383,7.8928,
384,6.8614,
385,6.6693,
386,6.8692,
387,7.1347,
388,6.9418,
389,7.2916,
390,6.7461,
391,8.5863,
392,7.3072,
393,13.0471,
394,8.9358,
395,8.1011,
396,7.4375,
397,7.4002,
398,9.9196,
399,7.268,
400,7.7571,
401,7.0882,
402,7.4927,
403,7.9381,
404,7.4989,
405,7.6515,
406,7.1093,
407,9.2808,
408,12.1475,
409,7.2592,
410,7.3993,
411,7.1456,
412,8.9556,
413,7.4331,
414,7.3845,
415,10.1075,
416,7.9156,
417,7.5045,
418,7.7246,
419,7.5566,
420,7.5915,
421,7.8166,
422,7.8119,
423,7.7956,
424,9.7052,
425,7.7815,
426,7.4613,
427,7.505,
428,8.8177,
429,7.6571,
430,7.5004,
431,7.9921,
432,11.2542,
433,7.9926,
434,7.4703,
435,12.9068,
436,7.6722,
437,8.1378,
438,9.6936,
439,9.5149,
440,8.8535,
441,7.6664,
442,8.3601,
443,7.6721,
444,7.5864,
445,11.6472,
446,8.2134,
447,8.251,
448,8.7963,
449,7.892,
450,8.0149,
451,10.7243,
452,12.5958,
453,8.397,
454,8.5502,
455,8.0866,
456,8.1256,
457,8.408,
458,10.6464,
459,8.5765,
460,7.9032,
461,7.8997,
462,7.8981,
463,8.1024,
464,7.9174,
465,11.1485,
466,8.5719,
467,8.0475,
468,8.0549,
469,8.0141,
470,7.9224,
471,8.0885,
472,9.8652,
473,8.6647,
474,9.0909,
475,8.379,
476,8.4398,
477,8.3502,
478,9.2611,
479,11.1745,
480,9.6467,
481,7.8682,
482,8.7029,
483,7.9781,
484,7.9276,
485,8.8967,
486,10.0569,
487,8.5007,
488,8.3245,
489,7.9998,
490,8.8885,
491,8.0405,
492,11.232,
493,10.3537,
494,8.2082,
495,9.3737,
496,8.4777,
497,10.3173,
498,12.539,
499,9.2146,
500,8.8858,
501,7.948,
502,7.7773,
503,7.919,
504,8.96,
505,14.1791,
506,9.429,
507,10.9124,
508,8.8903,
509,7.5133,
510,8.3864,
511,12.4361,
512,7.9348,
513,8.0131,
514,7.7522,
515,8.7554,
516,10.0523,
517,9.3397,
518,7.6009,
519,8.483,
520,7.7907,
521,8.3976,
522,10.0426,
523,8.5602,
524,8.2749,
525,8.9515,
526,8.6199,
527,10.0818,
528,8.6114,
529,7.8366,
530,8.0056,
531,7.94,
532,7.9884,
533,12.7505,
534,7.9872,
535,7.864,
536,8.0104,
537,7.6383,
538,7.7767,
539,8.0784,
540,11.05,
541,7.7746,
542,8.5877,
543,7.8687,
544,9.221,
545,10.6388,
546,10.4873,
547,11.5584,
548,8.2346,
549,8.8337,
550,8.4445,
551,9.1388,
552,13.2006,
553,8.2581,
554,8.845,
555,8.3236,
556,8.3224,
557,9.1324,
558,10.8271,
559,8.9324,
560,8.7158,
561,9.7304,
562,10.4399,
563,11.5825,
564,9.3003,
565,9.5409,
566,8.4938,
567,10.4869,
568,10.9125,
569,9.1034,
570,9.753,
571,8.3657,
572,9.7898,
573,10.748,
574,8.3525,
575,8.9561,
576,8.4771,
577,8.5193,
578,10.4033,
579,9.0158,
580,9.3209,
581,8.9298,
582,9.6148,
583,9.3757,
584,13.9173,
585,8.5695,
586,9.701,
587,9.2363,
588,9.3982,
589,11.3518,
590,10.0404,
591,9.7278,
592,8.8537,
593,9.0927,
594,9.3683,
595,10.1047,
596,9.2429,
597,8.361,
598,9.4988,
599,8.7861,
600,9.0221,
601,11.0474,
602,8.6525,
603,8.6315,
604,8.6248,
605,10.0069,
606,9.3028,
607,11.4582,
608,9.0039,
609,8.8546,
610,10.0905,
611,13.9419,
612,9.1839,
613,9.269,
614,10.8766,
615,12.5617,
616,9.2987,
617,10.1882,
618,9.2724,
619,9.5198,
620,10.2794,
621,9.704,
622,13.7899,
623,10.5484,
624,9.5094,
625,9.7045,
626,11.6221,
627,9.7101,
628,10.4067,
629,11.2987,
630,11.2245,
631,10.8483,
632,9.5068,
633,9.3297,
634,10.2266,
635,11.1523,
636,9.9563,
637,9.2511,
638,10.3056,
639,9.0149,
640,11.3276,
641,9.8707,
642,9.4401,
643,9.9589,
644,9.375,
645,10.3301,
646,11.5909,
647,9.7053,
648,9.5305,
649,14.0645,
650,14.4723,
651,11.6315,
652,9.7158,
653,10.3146,
654,10.5341,
655,10.0376,
656,14.5416,
657,11.0486,
658,10.8663,
659,9.7503,
660,9.4083,
661,13.2208,
662,14.2965,
663,10.2266,
664,11.4667,
665,13.2489,
666,10.0843,
667,9.7096,
668,11.2778,
669,10.3419,
670,12.3111,
671,10.247,
672,11.7672,
673,9.674,
674,9.9783,
675,11.0882,
676,10.7462,
677,11.0585,
678,9.6576,
679,10.675,
680,13.0203,
681,10.1026,
682,10.6442,
683,10.3854,
684,10.649,
685,10.8077,
686,10.6302,
687,10.9313,
688,10.6355,
689,10.2316,
690,11.2077,
691,11.5682,
692,10.1154,
693,10.8326,
694,11.8358,
695,11.0753,
696,10.3726,
697,10.9392,
698,9.9779,
699,11.5619,
700,11.5283,
701,11.4228,
702,10.7961,
703,10.754,
704,11.9575,
705,10.8017,
706,13.1689,
707,13.837,
708,12.0876,
709,11.2062,
710,10.4879,
711,10.9379,
712,11.5002,
713,11.3378,
714,12.7739,
715,11.431,
716,12.6563,
717,11.0296,
718,10.3434,
719,13.1785,
720,14.135,
721,12.3738,
722,11.8626,
723,11.2402,
724,10.9378,
725,11.4707,
726,11.1163,
727,12.5252,
728,10.9234,
729,11.3878,
730,11.1845,
731,11.6855,
732,13.0668,
733,13.296,
734,11.5587,
735,11.4268,
736,10.8683,
737,14.4502,
738,12.2616,
739,11.0051,
740,11.4447,
741,11.1618,
742,12.5931,
743,10.8777,
744,11.1165,
745,11.3532,
746,10.9825,
747,15.802,
748,12.2723,
749,13.02,
750,11.7541,
751,12.6689,
752,12.3325,
753,10.7714,
754,10.518,
755,10.902,
756,12.74,
757,10.7403,
758,11.402,
759,11.0506,
760,10.6518,
761,10.7848,
762,11.5424,
763,10.5559,
764,10.7902,
765,10.9613,
766,13.7068,
767,11.5916,
768,10.6642,
769,11.3543,
770,10.8495,
771,10.4516,
772,10.256,
773,12.1154,
774,13.1173,
775,10.2799,
776,11.8778,
777,10.4972,
778,10.2735,
779,15.313,
780,11.6444,
781,10.4496,
782,11.598,
783,10.7343,
784,11.1152,
785,10.4354,
786,12.3783,
787,11.3622,
788,10.4105,
789,10.5856,
790,11.2399,
791,16.021,
792,15.1835,
793,12.9153,
794,11.1282,
795,13.7519,
796,11.4912,
797,11.2777,
798,11.0844,
799,10.8706,
800,12.9548,
801,11.3354,
802,11.0345,
803,13.7558,
804,12.653,
805,12.2878,
806,12.3467,
807,13.3157,
808,11.15,
809,11.0154,
810,10.7976,
811,11.0063,
812,11.0995,
813,11.2188,
814,11.2584,
815,10.9595,
816,10.6268,
817,11.3982,
818,10.8521,
819,13.8167,
820,13.2149,
821,12.6526,
822,12.7132,
823,12.046,
824,11.1855,
825,12.9033,
826,11.4998,
827,10.9452,
828,11.3452,
829,11.0221,
830,11.0749,
831,11.6758,
832,11.2506,
833,11.6386,
834,13.4934,
835,12.7938,
836,13.5843,
837,11.5139,
838,14.6087,
839,11.9512,
840,11.2501,
841,11.4595,
842,13.7227,
843,14.5113,
844,11.421,
845,11.2167,
846,11.5319,
847,12.7439,
848,12.2599,
849,11.2362,
850,11.6888,
851,11.1299,
852,11.8062,
853,13.2913,
854,13.2947,
855,11.513,
856,11.1446,
857,12.1926,
858,11.6014,
859,13.6362,
860,11.459,
861,13.3628,
862,11.7111,
863,11.7971,
864,11.9336,
865,12.4944,
866,12.214,
867,11.4065,
868,12.1556,
869,18.5883,
870,12.0609,
871,10.8845,
872,11.0336,
873,12.9646,
874,10.7471,
875,12.1116,
876,12.2342,
877,10.6458,
878,10.5744,
879,11.7795,
880,10.817,
881,10.5838,
882,11.7583,
883,10.8039,
884,10.763,
885,11.5569,
886,10.9969,
887,14.0547,
888,14.4604,
889,11.473,
890,13.1934,
891,11.7515,
892,11.3955,
893,11.2795,
894,10.9132,
895,11.3769,
896,11.7041,
897,11.0346,
898,11.3634,
899,11.7404,
900,11.6779,
901,10.7838,
902,11.2258,
903,10.6504,
904,12.3148,
905,16.7911,
906,13.4494,
907,15.5755,
908,11.6952,
909,12.2469,
910,13.9577,
911,11.5401,
912,11.712,
913,12.054,
914,12.3097,
915,12.0546,
916,13.7809,
917,14.3808,
918,11.692,
919,11.6801,
920,11.5302,
921,16.1982,
922,15.571,
923,11.5889,
924,11.9666,
925,12.5511,
926,11.6626,
927,11.6075,
928,11.9623,
929,12.2022,
930,12.4789,
931,11.5531,
932,12.1333,
933,11.6031,
934,11.9602,
935,11.7165,
936,11.8276,
937,12.0671,
938,12.3057,
939,11.5282,
940,11.2217,
941,11.09,
942,11.6053,
943,11.4597,
944,11.1787,
945,11.7558,
946,12.0033,
947,11.9817,
948,11.3578,
949,11.333,
950,12.5868,
951,11.0789,
952,11.4214,
953,11.6846,
954,12.1352,
955,11.4326,
956,11.0739,
957,10.9158,
958,12.3248,
959,11.2166,
960,11.5321,
961,11.9984,
962,11.6093,
963,12.8287,
964,18.8748,
965,12.8575,
966,11.1341,
967,12.169,
968,14.4407,
969,12.0228,
970,11.5653,
971,14.5645,
972,14.6305,
973,12.8487,
974,12.312,
975,13.5257,
976,12.0518,
977,11.9152,
978,11.9846,
979,15.9006,
980,14.4538,
981,12.9871,
982,11.9175,
983,13.785,
984,12.1757,
985,12.237,
986,15.9287,
987,14.7944,
988,12.6685,
989,11.9014,
990,16.2071,
991,13.3598,
992,12.5649,
993,14.5462,
994,13.5157,
995,18.6496,
996,14.7931,
997,15.8417,
998,13.3704,
999,14.2549,
1000,12.8896,
1001,12.4114,
1002,14.8321,
1003,12.4712,
1004,12.9522,
1005,13.4961,
1006,18.7087,
1007,13.3152,
1008,14.7914,
1009,15.8028,
1010,13.4223,
1011,12.8371,
1012,16.7811,
1013,14.0472,
1014,12.9343,
1015,15.8127,
1016,13.4239,
1017,13.5334,
1018,14.8981,
1019,19.8967,
1020,14.7244,
1021,13.0048,
1022,15.9407,
1023,13.0073,
1024,13.2231,
1025,17.1962,
1026,13.0015,
1027,12.5328,
1028,16.1934,
1029,14.151,
1030,12.8421,
1031,15.7358,
1032,15.2155,
1033,12.826,
1034,14.3727,
1035,15.5177,
1036,14.2158,
1037,13.7418,
1038,16.9191,
1039,13.8677,
1040,14.2081,
1041,13.5395,
1042,13.7327,
1043,19.1503,
1044,13.3634,
1045,13.7283,
1046,16.0293,
1047,13.341,
1048,13.2499,
1049,15.6349,
1050,14.1795,
1051,13.1661,
1052,16.8452,
1053,14.3663,
1054,14.4605,
1055,15.5213,
1056,16.6803,
1057,14.0982,
1058,78.7226,
1059,9.4631,
1060,7.3329,
1061,9.1873,
1062,11.2238,
1063,11.1499,
1064,7.8985,
1065,7.1583,
1066,8.7602,
1067,7.3808,
1068,11.4722,
1069,7.8444,
1070,8.764,
1071,8.0951,
1072,7.6232,
1073,7.5459,
1074,8.2979,
1075,10.3078,
1076,8.8203,
1077,8.1517,
1078,7.4302,
1079,7.2266,
1080,8.1291,
1081,8.656,
1082,10.069,
1083,8.0088,
1084,7.7848,
1085,8.0621,
1086,7.9446,
1087,8.3687,
1088,7.7597,
1089,9.8981,
1090,8.9532,
1091,7.9731,
1092,7.8694,
1093,7.4299,
1094,8.6076,
1095,7.4274,
1096,8.5289,
1097,11.6556,
1098,8.3769,
1099,7.4784,
1100,7.4511,
1101,7.3489,
1102,9.6001,
1103,7.552,
1104,9.472,
1105,7.8628,
1106,7.2384,
1107,7.4624,
1108,7.6757,
1109,8.5965,
1110,10.8175,
1111,9.0223,
1112,8.1664,
1113,7.991,
1114,7.7107,
1115,8.9442,
1116,10.4519,
1117,7.473,
1118,7.9576,
1119,7.6707,
1120,9.7754,
1121,9.5202,
1122,9.3895,
1123,8.0578,
1124,7.5429,
1125,7.299,
1126,7.601,
1127,8.647,
1128,7.7742,
1129,7.3763,
1130,7.1832,
1131,6.9581,
1132,8.3801,
1133,11.6259,
1134,7.8638,
1135,7.8058,
1136,7.6217,
1137,8.9597,
1138,7.5044,
1139,7.6707,
1140,11.6254,
1141,7.9813,
1142,7.8163,
1143,8.1934,
1144,7.8136,
1145,8.5201,
1146,9.4771,
1147,7.979,
1148,8.3351,
1149,7.6103,
1150,7.9914,
1151,10.8673,
1152,8.0349,
1153,7.6913,
1154,8.6612,
1155,7.7357,
1156,7.8404,
1157,9.8792,
1158,8.4578,
1159,8.7361,
1160,7.641,
1161,10.0154,
1162,9.7255,
1163,12.3457,
1164,8.5768,
1165,7.5372,
1166,9.0951,
1167,7.5955,
1168,8.7031,
1169,7.7068,
1170,8.2122,
1171,9.9136,
1172,8.7755,
1173,7.5306,
1174,7.4845,
1175,7.5283,
1176,9.2099,
1177,8.4959,
1178,9.7777,
1179,10.023,
1180,7.7689,
1181,9.5935,
1182,7.7886,
1183,7.4737,
1184,8.3505,
1185,14.3045,
1186,7.703,
1187,8.2838,
1188,7.7478,
1189,7.4662,
1190,8.4374,
1191,7.5451,
1192,11.4364,
1193,8.3973,
1194,7.5584,
1195,7.7921,
1196,7.6752,
1197,7.7098,
1198,8.1318,
1199,10.6083,
1200,8.3894,
1201,8.8951,
1202,7.6079,
1203,7.6888,
1204,7.9093,
1205,10.4878,
1206,8.4875,
1207,7.8959,
1208,8.078,
1209,7.8238,
1210,7.7179,
1211,7.7953,
1212,9.1096,
1213,10.5766,
1214,7.942,
1215,7.86,
1216,7.6859,
1217,7.8645,
1218,8.2451,
1219,7.9188,
1220,7.8052,
1221,7.5283,
1222,10.588,
1223,8.3699,
1224,7.7842,
1225,8.2651,
1226,7.7067,
1227,7.9526,
1228,7.8051,
1229,10.5915,
1230,8.631,
1231,8.6186,
1232,8.1067,
1233,7.8508,
1234,8.406,
1235,10.1251,
1236,7.9173,
1237,8.2385,
1238,9.155,
1239,8.0943,
1240,11.0663,
1241,8.572,
1242,7.7478,
1243,8.6117,
1244,7.5474,
1245,8.4613,
1246,7.916,
1247,11.9444,
1248,8.4263,
1249,9.3327,
1250,8.3155,
1251,7.6736,
1252,8.606,
1253,7.8164,
1254,10.3299,
1255,11.0906,
1256,8.4784,
1257,9.0936,
1258,8.9195,
1259,9.1586,
1260,14.3417,
1261,8.0956,
1262,8.1547,
1263,8.0293,
1264,9.7762,
1265,10.5838,
1266,9.7437,
1267,8.8402,
1268,7.9025,
1269,8.9386,
1270,12.9844,
1271,7.8163,
1272,8.5387,
1273,7.7422,
1274,9.0277,
1275,10.0382,
1276,9.7571,
1277,10.2821,
1278,8.0468,
1279,8.6134,
1280,7.9854,
1281,8.6904,
1282,8.1181,
1283,9.059,
1284,12.4825,
1285,8.5084,
1286,8.5142,
1287,8.1404,
1288,8.8858,
1289,8.3019,
1290,10.7712,
1291,8.092,
1292,7.815,
1293,9.3999,
1294,10.6061,
1295,10.9741,
1296,9.7534,
1297,8.0167,
1298,8.5904,
1299,8.2194,
1300,8.5071,
1301,8.4744,
1302,10.2728,
1303,9.446,
1304,7.9002,
1305,8.7513,
1306,8.1264,
1307,11.0728,
1308,9.4814,
1309,8.3042,
1310,8.2382,
1311,8.3642,
1312,9.9865,
1313,12.5366,
1314,9.3277,
1315,8.5418,
1316,8.5124,
1317,8.5684,
1318,11.0456,
1319,8.1049,
1320,8.4126,
1321,8.1674,
1322,8.4075,
1323,11.1397,
1324,9.2008,
1325,8.3691,
1326,8.1058,
1327,8.8373,
1328,8.4437,
1329,14.4013,
1330,8.5369,
1331,8.2169,
1332,8.6979,
1333,8.0263,
1334,8.4811,
1335,8.0344,
1336,8.5903,
1337,8.1555,
1338,8.1319,
1339,7.981,
1340,8.484,
1341,8.0486,
1342,8.1053,
1343,8.1886,
1344,8.5247,
1345,9.294,
1346,8.358,
1347,8.1954,
1348,8.2387,
1349,10.3573,
1350,8.6358,
1351,10.0459,
1352,9.151,
1353,8.2619,
1354,13.5637,
1355,12.8703,
1356,8.4528,
1357,9.6338,
1358,11.3602,
1359,8.1138,
1360,9.8141,
1361,8.1477,
1362,9.9779,
1363,11.6242,
1364,8.1748,
1365,9.0883,
1366,8.3828,
1367,8.6765,
1368,11.1149,
1369,9.2338,
1370,8.4846,
1371,8.8557,
1372,8.5893,
1373,8.7794,
1374,8.6415,
1375,8.4451,
1376,8.585,
1377,14.3805,
1378,9.5845,
1379,8.188,
1380,10.3506,
1381,11.1833,
1382,9.0692,
1383,9.8147,
1384,8.0627,
1385,9.9913,
1386,11.7858,
1387,12.0799,
1388,9.3641,
1389,8.8731,
1390,9.1938,
1391,13.2347,
1392,9.4056,
1393,9.172,
1394,9.3804,
1395,11.4922,
1396,14.4763,
1397,8.9599,
1398,9.9424,
1399,12.092,
1400,12.871,
1401,9.7069,
1402,8.8516,
1403,8.2656,
1404,12.9716,
1405,9.1091,
1406,8.2909,
1407,9.9596,
1408,8.2909,
1409,12.4374,
1410,9.6433,
1411,9.0579,
1412,9.5622,
1413,8.753,
1414,13.5259,
1415,9.7603,
1416,9.0489,
1417,9.471,
1418,9.539,
1419,12.0855,
1420,9.1784,
1421,9.6672,
1422,9.1803,
1423,12.2068,
1424,10.2406,
1425,8.9684,
1426,9.0906,
1427,9.1659,
1428,12.0091,
1429,10.3803,
1430,9.0535,
1431,9.7501,
1432,10.3284,
1433,11.8583,
1434,9.5871,
1435,10.2582,
1436,8.8793,
1437,10.6794,
1438,8.9058,
1439,10.3348,
1440,10.9951,
1441,13.3608,
1442,9.5546,
1443,10.561,
1444,10.1536,
1445,11.5235,
1446,9.5424,
1447,9.8156,
1448,9.0352,
1449,12.0532,
1450,14.0889,
1451,10.8006,
1452,8.8198,
1453,10.695,
1454,9.0716,
1455,12.104,
1456,10.0755,
1457,9.4292,
1458,10.212,
1459,12.1568,
1460,10.5612,
1461,9.8527,
1462,9.5893,
1463,9.0291,
1464,11.2748,
1465,11.7355,
1466,10.4107,
1467,9.6749,
1468,9.5582,
1469,10.0573,
1470,11.6914,
1471,10.4786,
1472,9.7639,
1473,10.4823,
1474,10.9502,
1475,9.9671,
1476,15.3168,
1477,9.21,
1478,10.9118,
1479,9.2957,
1480,13.5871,
1481,9.5446,
1482,9.246,
1483,12.5898,
1484,11.9283,
1485,9.7659,
1486,9.313,
1487,9.911,
1488,9.0746,
1489,12.7645,
1490,9.1728,
1491,9.0913,
1492,10.686,
1493,9.8352,
1494,10.1864,
1495,12.3217,
1496,11.5199,
1497,9.681,
1498,9.1049,
1499,10.0714,
1500,12.2842,
1501,9.5864,
1502,9.8918,
1503,8.8133,
1504,12.2725,
1505,10.2183,
1506,8.9832,
1507,9.5951,
1508,9.0573,
1509,9.393,
1510,10.7794,
1511,12.8588,
1512,10.0174,
1513,11.1181,
1514,11.1221,
1515,14.9472,
1516,9.9153,
1517,8.8869,
1518,9.1872,
1519,11.7515,
1520,9.4712,
1521,8.9748,
1522,9.5245,
1523,9.515,
1524,11.2062,
1525,9.7563,
1526,9.0587,
1527,9.0073,
1528,10.2831,
1529,9.0264,
1530,12.7548,
1531,9.8961,
1532,9.1106,
1533,10.9114,
1534,10.5065,
1535,11.5198,
1536,10.2813,
1537,10.617,
1538,8.9534,
1539,9.0013,
1540,9.5142,
1541,11.7723,
1542,9.9883,
1543,9.2391,
1544,10.118,
1545,11.0337,
1546,11.4465,
1547,9.4341,
1548,9.1106,
1549,9.1548,
1550,13.9208,
1551,10.046,
1552,9.2536,
1553,9.936,
1554,9.7719,
1555,9.379,
1556,10.1878,
1557,10.7105,
1558,9.0842,
1559,9.4191,
1560,9.0141,
1561,12.335,
1562,9.9278,
1563,9.1961,
1564,9.9117,
1565,10.0272,
1566,11.9134,
1567,10.7187,
1568,9.1708,
1569,9.5552,
1570,9.4787,
1571,15.322,
1572,10.6418,
1573,9.5078,
1574,9.819,
1575,11.576,
1576,9.8001,
1577,9.7774,
1578,9.2473,
1579,10.6867,
1580,15.9112,
1581,10.1162,
1582,8.9817,
1583,11.2512,
1584,15.1682,
1585,10.8115,
1586,9.4442,
1587,9.8611,
1588,11.5795,
1589,10.2682,
1590,9.4402,
1591,10.0977,
1592,9.4658,
1593,12.9212,
1594,11.8113,
1595,9.7164,
1596,9.2884,
1597,10.1252,
1598,9.3636,
1599,14.0876,
1600,9.8987,
1601,9.2815,
1602,10.3391,
1603,13.694,
1604,9.8906,
1605,9.5037,
1606,9.6413,
1607,9.8466,
1608,14.7018,
1609,9.4866,
1610,10.7779,
1611,10.2562,
1612,14.811,
1613,9.5134,
1614,9.5353,
1615,9.5485,
1616,11.6787,
1617,9.9285,
1618,9.324,
1619,10.0757,
1620,9.2643,
1621,9.1438,
1622,12.9866,
1623,9.6066,
1624,9.0325,
1625,9.9562,
1626,9.2364,
1627,11.7559,
1628,9.7735,
1629,9.1484,
1630,10.7801,
1631,9.5226,
1632,11.8481,
1633,10.7949,
1634,9.5168,
1635,9.2184,
1636,10.6178,
1637,10.4565,
1638,10.3662,
1639,10.102,
1640,9.3234,
1641,14.5914,
1642,12.7907,
1643,10.1777,
1644,9.5484,
1645,10.0812,
1646,10.7037,
1647,14.3801,
1648,9.4942,
1649,9.8912,
1650,9.6193,
1651,12.0855,
1652,9.7358,
1653,9.5071,
1654,10.196,
1655,10.3462,
1656,12.8392,
1657,10.0769,
1658,9.3759,
1659,9.408,
1660,11.9437,
1661,9.8281,
1662,9.4594,
1663,9.3893,
1664,9.8112,
1665,11.593,
1666,9.6836,
1667,11.041,
1668,9.9052,
1669,12.0537,
1670,13.9805,
1671,10.6258,
1672,10.3256,
1673,9.5622,
1674,12.8988,
1675,11.6673,
1676,9.4562,
1677,9.4555,
1678,9.4485,
1679,10.4278,
1680,14.7488,
1681,9.8952,
1682,9.6099,
1683,9.722,
1684,12.3866,
1685,9.845,
1686,9.4618,
1687,11.7971,
1688,13.216,
1689,10.135,
1690,10.1503,
1691,9.5409,
1692,10.3413,
1693,12.3637,
1694,9.7398,
1695,9.4471,
1696,10.4686,
1697,9.4127,
1698,9.9384,
1699,12.4271,
1700,9.4337,
1701,9.5514,
1702,10.5126,
1703,9.911,
1704,15.9486,
1705,10.1698,
1706,10.1742,
1707,9.8801,
1708,12.4392,
1709,10.0306,
1710,9.7284,
1711,10.5722,
1712,11.7428,
1713,9.7855,
1714,9.4226,
1715,10.8057,
1716,9.5733,
1717,11.5514,
1718,11.1924,
1719,9.7852,
1720,9.8453,
1721,12.9133,
1722,10.1258,
1723,10.2339,
1724,10.7933,
1725,9.5555,
1726,10.9751,
1727,12.6219,
1728,10.9596,
1729,10.6176,
1730,10.7382,
1731,10.4419,
1732,14.4523,
1733,9.6389,
1734,12.4427,
1735,11.7803,
1736,11.8615,
1737,9.5346,
1738,10.3371,
1739,9.5942,
1740,10.0679,
1741,11.643,
1742,15.1419,
1743,10.3269,
1744,10.9516,
1745,11.8368,
1746,12.0929,
1747,9.6045,
1748,11.0473,
1749,10.3059,
1750,14.5454,
1751,9.8393,
1752,10.4882,
1753,9.5969,
1754,11.7077,
1755,10.9619,
1756,10.4284,
1757,9.6388,
1758,11.5178,
1759,16.2611,
1760,11.5667,
1761,9.9789,
1762,13.3579,
1763,11.7788,
1764,10.7866,
1765,10.001,
1766,13.4935,
1767,16.0762,
1768,10.4937,
1769,9.8107,
1770,10.9337,
1771,10.3422,
1772,9.897,
1773,13.0769,
1774,10.0834,
1775,10.5748,
1776,10.2675,
1777,12.1548,
1778,13.6719,
1779,12.5144,
1780,11.9883,
1781,11.2069,
1782,11.8545,
1783,14.9695,
1784,11.9601,
1785,10.6091,
1786,10.3393,
1787,11.8874,
1788,13.4293,
1789,10.6087,
1790,10.8961,
1791,11.1494,
1792,12.3447,
1793,12.1161,
1794,11.8011,
1795,11.4312,
1796,11.5461,
1797,14.0189,
1798,10.6405,
1799,10.6519,
1800,13.144,
1801,11.3834,
1802,10.2745,
1803,12.0409,
1804,10.7848,
1805,15.4361,
1806,10.2202,
1807,11.4126,
1808,10.9402,
1809,12.2893,
1810,11.219,
1811,11.5339,
1812,10.5076,
1813,11.2874,
1814,13.5159,
1815,11.1038,
1816,10.9214,
1817,11.3589,
1818,13.3066,
1819,10.4792,
1820,37.3159,
1821,17.5603,
1822,10.983,
1823,12.3682,
1824,14.4919,
1825,11.1255,
1826,11.2304,
1827,13.2746,
1828,17.3645,
1829,11.618,
1830,10.8184,
1831,12.2101,
1832,14.8933,
1833,11.1418,
1834,11.69,
1835,11.3233,
1836,13.0703,
1837,12.1833,
1838,10.6981,
1839,10.7484,
1840,10.9091,
1841,11.9123,
1842,17.1262,
1843,11.5828,
1844,11.8369,
1845,14.0016,
1846,11.2327,
1847,15.826,
1848,11.4567,
1849,15.4526,
1850,10.9109,
1851,11.7809,
1852,10.968,
1853,17.1758,
1854,12.1321,
1855,10.9381,
1856,15.5922,
1857,11.087,
1858,13.9945,
1859,11.4128,
1860,18.2041,
1861,13.0535,
1862,12.51,
1863,12.9264,
1864,11.8632,
1865,10.91,
1866,12.394,
1867,11.3319,
1868,12.483,
1869,15.0997,
1870,11.6838,
1871,11.8102,
1872,12.7634,
1873,11.4541,
1874,11.3688,
1875,10.4981,
1876,12.0548,
1877,13.1646,
1878,11.2235,
1879,11.0035,
1880,10.9729,
1881,11.0678,
1882,11.0932,
1883,10.9153,
1884,13.6873,
1885,12.8336,
1886,11.0331,
1887,11.6225,
1888,12.6072,
1889,11.9744,
1890,10.607,
1891,11.3218,
1892,10.7058,
1893,12.9693,
1894,11.231,
1895,11.4874,
1896,11.4478,
1897,13.4145,
1898,11.0646,
1899,12.8166,
1900,11.7348,
1901,15.7756,
1902,10.7944,
1903,11.4445,
1904,12.2956,
1905,13.257,
1906,10.7195,
1907,11.3082,
1908,11.4837,
1909,15.6365,
1910,13.7601,
1911,10.6009,
1912,11.1125,
1913,11.7466,
1914,10.7502,
1915,10.8204,
1916,11.5916,
1917,10.9712,
1918,10.9702,
1919,10.8986,
1920,11.782,
1921,11.6123,
1922,12.0677,
1923,11.5702,
1924,14.429,
1925,11.9463,
1926,10.6326,
1927,10.5878,
1928,11.7401,
1929,10.9556,
1930,14.1039,
1931,12.0596,
1932,10.8511,
1933,10.7686,
1934,13.3706,
1935,13.4333,
1936,11.0222,
1937,16.1302,
1938,11.1817,
1939,11.0021,
1940,11.888,
1941,13.1283,
1942,11.4411,
1943,10.7058,
1944,11.2896,
1945,10.3878,
1946,10.4789,
1947,10.624,
1948,14.4589,
1949,11.1213,
1950,13.1798,
1951,10.5922,
1952,11.048,
1953,12.0036,
1954,10.5231,
1955,14.0205,
1956,12.5175,
1957,10.6671,
1958,10.6859,
1959,10.7462,
1960,12.2366,
1961,11.1934,
1962,10.4696,
1963,10.6225,
1964,10.4577,
1965,10.5386,
1966,10.5232,
1967,15.3035,
1968,21.5874,
1969,10.6705,
1970,12.219,
1971,12.3015,
1972,10.8378,
1973,11.4868,
1974,15.2295,
1975,11.5454,
1976,11.85,
1977,10.7256,
1978,11.1544,
1979,15.3833,
1980,11.3277,
1981,11.0616,
1982,10.6535,
1983,12.9831,
1984,12.5588,
1985,11.0272,
1986,10.9424,
1987,12.3703,
1988,11.9447,
1989,10.8546,
1990,10.7483,
1991,15.204,
1992,12.0193,
1993,11.5075,
1994,14.687,
1995,11.8747,
1996,12.4749,
1997,12.0316,
1998,11.9452,
1999,11.7069,
2000,13.6704,
2001,12.7812,
2002,11.4676,
2003,11.1683,
2004,12.9515,
2005,11.8098,
2006,11.9661,
2007,12.3342,
2008,11.0494,
2009,10.7208,
2010,12.5813,
2011,10.9405,
2012,13.6017,
2013,12.2032,
2014,11.4988,
2015,11.8369,
2016,10.7844,
2017,82.7611,
2018,14.3218,
2019,13.3468,
2020,10.9098,
2021,10.4913,
2022,10.952,
2023,11.0752,
2024,11.3881,
2025,13.0432,
2026,10.856,
2027,10.6073,
2028,12.7452,
2029,12.1661,
2030,13.661,
2031,10.7638,
2032,12.3903,
2033,11.1394,
2034,10.8958,
2035,15.028,
2036,11.3343,
2037,10.7367,
2038,11.7496,
2039,11.6521,
2040,11.1876,
2041,10.6885,
2042,10.5896,
2043,10.6987,
2044,12.5147,
2045,10.9391,
2046,10.7919,
2047,11.1999,
2048,17.2893,
2049,10.9753,
2050,12.7951,
2051,11.9432,
2052,11.4092,
2053,10.8238,
2054,12.5175,
2055,11.1216,
2056,10.9523,
2057,11.6839,
2058,10.8315,
2059,11.1234,
2060,10.753,
2061,12.2356,
2062,11.2036,
2063,10.9749,
2064,11.637,
2065,15.061,
2066,13.2743,
2067,11.2358,
2068,11.8817,
2069,11.516,
2070,12.2169,
2071,10.8684,
2072,11.4328,
2073,11.325,
2074,10.7395,
2075,11.5127,
2076,10.9534,
2077,11.4329,
2078,11.0074,
2079,10.8563,
2080,10.6978,
2081,13.1561,
2082,15.4747,
2083,11.0992,
2084,11.1641,
2085,13.4711,
2086,12.9477,
2087,11.0718,
2088,10.996,
2089,11.3256,
2090,11.549,
2091,10.7911,
2092,16.6084,
2093,11.8113,
2094,11.1329,
2095,10.8938,
2096,11.9652,
2097,11.2137,
2098,11.8171,
2099,14.2152,
2100,16.9491,
2101,11.9594,
2102,15.1098,
2103,15.9194,
2104,11.6719,
2105,11.3976,
2106,12.2763,
2107,11.4454,
2108,10.9343,
2109,11.8207,
2110,13.3021,
2111,11.4874,
2112,11.5236,
2113,11.5936,
2114,12.9048,
2115,14.2267,
2116,15.4931,
2117,11.8619,
2118,12.3068,
2119,15.8469,
2120,11.7867,
2121,11.5671,
2122,13.2376,
2123,11.7193,
2124,11.5148,
2125,12.6307,
2126,13.1063,
2127,11.7068,
2128,11.6303,
2129,11.8353,
2130,12.6841,
2131,15.986,
2132,14.6941,
2133,11.9373,
2134,11.9981,
2135,13.4401,
2136,12.111,
2137,12.3202,
2138,12.068,
2139,12.4921,
2140,13.9193,
2141,11.6736,
2142,14.1214,
2143,13.993,
2144,12.3771,
2145,12.2999,
2146,13.3521,
2147,13.195,
2148,15.0744,
2149,13.072,
2150,12.7192,
2151,12.7388,
2152,12.693,
2153,15.219,
2154,13.4577,
2155,12.4405,
2156,13.0432,
2157,13.0035,
2158,12.5636,
2159,12.9276,
2160,11.9691,
2161,12.9182,
2162,13.013,
2163,12.1486,
2164,12.299,
2165,13.1275,
2166,12.744,
2167,16.164,
2168,12.9901,
2169,13.672,
2170,15.6138,
2171,14.4346,
2172,12.4893,
2173,12.3234,
2174,12.1331,
2175,17.2686,
2176,13.4675,
2177,12.8051,
2178,12.2979,
2179,12.3894,
2180,18.9991,
2181,12.2923,
2182,12.594,
2183,12.4533,
2184,14.7557,
2185,12.2767,
2186,12.4902,
2187,12.9037,
2188,14.3866,
2189,13.4055,
2190,12.7836,
2191,12.3159,
2192,14.3713,
2193,12.4305,
2194,11.8209,
2195,13.3526,
2196,14.5125,
2197,13.1832,
2198,12.3397,
2199,12.0122,
2200,18.0517,
2201,11.8846,
2202,12.9515,
2203,14.683,
2204,13.6476,
2205,12.0806,
2206,11.8511,
2207,14.3844,
2208,11.6623,
2209,13.029,
2210,12.9298,
2211,11.7739,
2212,12.3329,
2213,12.0995,
2214,16.7038,
2215,15.8243,
2216,13.0146,
2217,14.1066,
2218,12.9118,
2219,17.1315,
2220,11.6182,
2221,11.7506,
2222,13.3153,
2223,13.7359,
2224,12.9499,
2225,12.4134,
2226,11.9348,
2227,14.8419,
2228,12.7489,
2229,12.7387,
2230,13.8961,
2231,19.6607,
2232,13.3361,
2233,16.9073,
2234,15.5238,
2235,12.4655,
2236,11.7817,
2237,13.8217,
2238,11.8797,
2239,11.9016,
2240,13.3359,
2241,15.5985,
2242,11.975,
2243,13.6469,
2244,13.6438,
2245,13.8639,
2246,13.0091,
2247,13.5208,
2248,13.7243,
2249,13.4663,
2250,12.0482,
2251,11.9633,
2252,11.7479,
2253,15.7117,
2254,13.3845,
2255,13.345,
2256,14.1781,
2257,12.4963,
2258,11.8311,
2259,12.0857,
2260,14.4793,
2261,13.1069,
2262,12.4263,
2263,13.4853,
2264,16.3149,
2265,12.6842,
2266,11.7779,
2267,14.3746,
2268,12.2553,
2269,11.9626,
2270,12.1998,
2271,13.7871,
2272,12.3671,
2273,12.7266,
2274,11.9831,
2275,12.0628,
2276,15.8481,
2277,12.0564,
2278,13.3255,
2279,15.0666,
2280,12.7866,
2281,12.145,
2282,11.8497,
2283,13.8577,
2284,12.7343,
2285,12.829,
2286,11.9665,
2287,12.3733,
2288,17.0774,
2289,11.9949,
2290,13.7485,
2291,13.9273,
2292,15.6961,
2293,14.2523,
2294,12.7335,
2295,16.2747,
2296,11.987,
2297,11.8294,
2298,14.538,
2299,12.3092,
2300,12.9692,
2301,12.3435,
2302,12.0908,
2303,16.8078,
2304,12.6396,
2305,13.0544,
2306,15.6296,
2307,13.4404,
2308,13.1353,
2309,13.3937,
2310,14.6163,
2311,12.4397,
2312,13.3469,
2313,15.2316,
2314,12.5438,
2315,13.0277,
2316,11.9883,
2317,14.774,
2318,14.6899,
2319,13.4368,
2320,15.369,
2321,15.3523,
2322,12.4424,
2323,13.42,
2324,14.9195,
2325,13.0765,
2326,12.8481,
2327,12.3023,
2328,12.23,
2329,18.2228,
2330,13.951,
2331,12.0073,
2332,13.9397,
2333,12.2837,
2334,14.1487,
2335,12.2346,
2336,14.036,
2337,12.995,
2338,17.7254,
2339,13.5297,
2340,13.5317,
2341,14.0122,
2342,14.0101,
2343,12.5063,
2344,12.209,
2345,12.4415,
2346,17.5812,
2347,12.8364,
2348,12.4086,
2349,16.9225,
2350,13.7734,
2351,13.2706,
2352,14.9599,
2353,13.3844,
2354,15.4628,
2355,13.2132,
2356,13.4311,
2357,19.2005,
2358,13.8786,
2359,12.6955,
2360,17.4221,
2361,14.1104,
2362,13.279,
2363,14.1694,
2364,18.4215,
2365,14.5163,
2366,14.3179,
2367,14.2262,
2368,15.0615,
2369,12.9393,
2370,12.8125,
2371,14.4908,
2372,14.4292,
2373,12.5769,
2374,14.016,
2375,17.141,
2376,13.8648,
2377,13.484,
2378,14.673,
2379,13.0758,
2380,12.5421,
2381,12.5547,
2382,13.8765,
2383,18.6706,
2384,12.8749,
2385,12.7426,
2386,15.7556,
2387,13.5438,
2388,12.5718,
2389,15.2283,
2390,16.988,
2391,12.4233,
2392,13.5397,
2393,17.5645,
2394,14.1183,
2395,12.9176,
2396,13.7985,
2397,14.1602,
2398,16.5114,
2399,15.8701,
2400,14.979,
2401,16.2829,
2402,13.9966,
2403,14.6482,
2404,13.272,
2405,12.9431,
2406,17.0058,
2407,14.4245,
2408,13.3498,
2409,14.8282,
2410,15.7685,
2411,14.5157,
2412,13.3393,
2413,14.3248,
2414,19.3849,
2415,14.7441,
2416,15.0037,
2417,17.7375,
2418,14.3659,
2419,13.0153,
2420,14.4466,
2421,15.9132,
2422,19.9105,
2423,14.0545,
2424,13.8748,
2425,20.6842,
2426,14.3577,
2427,13.6692,
2428,19.8004,
2429,13.4695,
2430,13.874,
2431,17.2332,
2432,17.061,
2433,16.3497,
2434,16.4469,
2435,13.7475,
2436,13.2382,
2437,18.9953,
2438,13.306,
2439,14.8234,
2440,13.9193,
2441,19.6956,
2442,14.5941,
2443,15.2692,
2444,16.3471,
2445,13.889,
2446,13.9155,
2447,17.7179,
2448,15.1968,
2449,17.602,
2450,20.5324,
2451,14.4399,
2452,14.1088,
2453,16.3642,
2454,17.1182,
2455,16.1077,
2456,15.9092,
2457,14.0853,
2458,14.2825,
2459,17.6097,
2460,15.2788,
2461,14.7572,
2462,17.6501,
2463,17.0244,
2464,18.1863,
2465,16.3343,
2466,17.2709,
2467,14.7323,
2468,14.6932,
2469,14.2558,
2470,17.0216,
2471,14.5305,
2472,14.0747,
2473,13.8186,
2474,15.4437,
2475,14.5189,
2476,13.8826,
2477,15.7907,
2478,15.2392,
2479,13.43,
2480,14.1212,
2481,15.5345,
2482,13.3548,
2483,13.4182,
2484,16.6519,
2485,15.2866,
2486,13.9813,
2487,17.5537,
2488,14.3449,
2489,15.0476,
2490,17.7555,
2491,14.5209,
2492,14.1848,
2493,16.5449,
2494,14.0863,
2495,13.6206,
2496,13.7071,
2497,16.4249,
2498,16.191,
2499,13.5872,
2500,13.6715,
2501,13.5631,
2502,17.881,
2503,13.4898,
2504,14.0987,
2505,16.1585,
2506,14.1241,
2507,13.8189,
2508,17.0806,
2509,13.8245,
2510,14.2297,
2511,16.4394,
2512,14.0054,
2513,13.4439,
2514,13.2321,
2515,13.1861,
2516,16.3381,
2517,14.8123,
2518,13.9696,
2519,16.5502,
2520,13.016,
2521,17.7546,
2522,15.5185,
2523,14.409,
2524,13.0306,
2525,14.2707,
2526,13.1262,
2527,15.6857,
2528,15.127,
2529,13.4129,
2530,14.0318,
2531,17.1113,
2532,13.4253,
2533,13.1356,
2534,13.0057,
2535,14.6926,
2536,15.2653,
2537,13.5231,
2538,14.2276,
2539,14.0728,
2540,15.179,
2541,13.6082,
2542,13.3083,
2543,13.7124,
2544,15.733,
2545,13.2388,
2546,13.3189,
2547,13.1042,
2548,20.4886,
2549,14.6062,
2550,12.9189,
2551,16.4807,
2552,14.1965,
2553,14.4098,
2554,13.4696,
2555,13.1558,
2556,13.2708,
2557,19.3421,
2558,13.0766,
2559,13.9013,
2560,14.9098,
2561,17.8055,
2562,14.4974,
2563,13.3163,
2564,16.2677,
2565,15.88,
2566,12.8912,
2567,13.5538,
2568,13.6922,
2569,14.3771,
2570,14.7978,
2571,12.8103,
2572,12.9474,
2573,13.7332,
2574,16.2386,
2575,13.1314,
2576,13.6747,
2577,14.8275,
2578,15.5781,
2579,13.5396,
2580,12.6344,
2581,13.0728,
2582,13.2876,
2583,13.7702,
2584,14.4794,
2585,13.619,
2586,14.066,
2587,16.413,
2588,14.613,
2589,13.9288,
2590,16.2687,
2591,13.7287,
2592,13.2304,
2593,14.9404,
2594,13.7155,
2595,13.2716,
2596,13.172,
2597,14.3473,
2598,19.0834,
2599,13.66,
2600,16.5878,
2601,19.9045,
2602,13.6726,
2603,14.2773,
2604,18.572,
2605,13.5018,
2606,13.9153,
2607,15.3515,
2608,13.2801,
2609,16.6672,
2610,14.1458,
2611,13.8786,
2612,13.3014,
2613,16.1207,
2614,14.0439,
2615,13.6744,
2616,14.9402,
2617,14.6175,
2618,14.5349,
2619,13.0529,
2620,14.2495,
2621,13.6999,
2622,13.7676,
2623,12.8839,
2624,12.8685,
2625,16.6061,
2626,16.7648,
2627,16.4053,
2628,13.7303,
2629,13.5804,
2630,12.9847,
2631,13.0347,
2632,16.0026,
2633,14.8514,
2634,16.1635,
2635,17.3733,
2636,13.2089,
2637,14.9281,
2638,17.092,
2639,15.4442,
2640,14.8685,
2641,17.1264,
2642,18.3279,
2643,14.1885,
2644,13.8101,
2645,18.2288,
2646,14.9643,
2647,13.5099,
2648,14.3643,
2649,16.0775,
2650,13.4307,
2651,14.9821,
2652,16.3659,
2653,15.0716,
2654,14.1313,
2655,16.221,
2656,14.7094,
2657,13.7689,
2658,16.8121,
2659,13.9971,
2660,18.2162,
2661,14.254,
2662,14.3371,
2663,18.7623,
2664,14.0984,
2665,13.727,
2666,19.2491,
2667,18.3983,
2668,17.9498,
2669,16.8368,
2670,15.311,
2671,15.1686,
2672,20.2171,
2673,14.3425,
2674,14.8671,
2675,17.6718,
2676,15.0221,
2677,14.7319,
2678,15.1073,
2679,16.4055,
2680,14.3899,
2681,14.2985,
2682,14.9972,
2683,14.5562,
2684,17.4055,
2685,16.3718,
2686,14.4971,
2687,18.9311,
2688,14.5532,
2689,14.6503,
2690,18.2108,
2691,15.2063,
2692,14.4692,
2693,14.3852,
2694,17.2424,
2695,16.3628,
2696,14.5952,
2697,19.5643,
2698,18.0272,
2699,14.6812,
2700,14.3634,
2701,14.376,
2702,14.4533,
2703,16.5641,
2704,14.366,
2705,14.6966,
2706,16.7314,
2707,15.2033,
2708,14.9899,
2709,17.4511,
2710,15.3298,
2711,14.4558,
2712,17.1262,
2713,14.2447,
2714,14.2751,
2715,15.6838,
2716,15.2495,
2717,14.3222,
2718,14.1947,
2719,17.2864,
2720,17.8352,
2721,17.4566,
2722,16.8169,
2723,14.4097,
2724,91.1033,
2725,17.6721,
2726,13.7901,
2727,13.8159,
2728,14.4378,
2729,15.5672,
2730,15.0336,
2731,15.6591,
2732,15.5813,
2733,15.4853,
2734,16.0336,
2735,16.4504,
2736,13.6847,
2737,14.354,
2738,15.7784,
2739,14.5422,
2740,14.6288,
2741,14.8706,
2742,14.4729,
2743,15.0746,
2744,13.6585,
2745,13.7304,
2746,13.7839,
2747,15.0689,
2748,14.5824,
2749,14.2946,
2750,14.2641,
2751,15.5454,
2752,14.6713,
2753,14.3895,
2754,14.5919,
2755,15.1304,
2756,14.0755,
2757,14.1369,
2758,13.9645,
2759,18.511,
2760,14.4174,
2761,13.985,
2762,14.1743,
2763,15.7875,
2764,14.8208,
2765,14.1365,
2766,14.2616,
2767,15.3795,
2768,13.7441,
2769,14.5367,
2770,15.0771,
2771,15.0625,
2772,16.6391,
2773,15.3311,
2774,15.8068,
2775,16.157,
2776,15.7247,
2777,14.9199,
2778,15.122,
2779,16.6407,
2780,14.3491,
2781,14.191,
2782,13.4917,
2783,17.5428,
2784,16.1707,
2785,14.7791,
2786,14.0048,
2787,18.4764,
2788,15.3465,
2789,13.6267,
2790,13.6029,
2791,17.7578,
2792,17.2695,
2793,14.8783,
2794,13.3566,
2795,14.4271,
2796,14.378,
2797,13.9702,
2798,14.9232,
2799,14.5847,
2800,16.3678,
2801,14.0427,
2802,13.8769,
2803,15.5909,
2804,16.5262,
2805,15.6365,
2806,14.3253,
2807,16.1807,
2808,15.2886,
2809,13.6702,
2810,15.485,
2811,15.9168,
2812,14.9101,
2813,15.7745,
2814,15.0738,
2815,15.9929,
2816,14.5784,
2817,15.2989,
2818,15.7058,
2819,15.481,
2820,13.6724,
2821,13.9918,
2822,14.755,
2823,13.947,
2824,13.802,
2825,17.0236,
2826,15.3084,
2827,14.9159,
2828,13.8855,
2829,14.1574,
2830,16.9798,
2831,14.2009,
2832,14.49,
2833,15.2961,
2834,15.0898,
2835,14.6829,
2836,15.3688,
2837,14.7975,
2838,15.2321,
2839,14.642,
2840,14.599,
2841,14.2639,
2842,14.0523,
2843,14.0641,
2844,13.992,
2845,14.6872,
2846,14.14,
2847,15.6933,
2848,14.5381,
2849,16.5231,
2850,16.6983,
2851,13.4843,
2852,13.3155,
2853,14.2784,
2854,14.2588,
2855,13.4332,
2856,14.009,
2857,13.3882,
2858,14.5135,
2859,17.9877,
2860,17.9894,
2861,13.4855,
2862,16.9425,
2863,13.2069,
2864,13.6345,
2865,15.4594,
2866,15.0254,
2867,13.2225,
2868,13.1736,
2869,14.9406,
2870,14.7676,
2871,14.2589,
2872,14.5729,
2873,18.1796,
2874,14.9043,
2875,13.8005,
2876,15.8089,
2877,13.4513,
2878,13.3512,
2879,13.656,
2880,13.0297,
2881,13.938,
2882,14.0145,
2883,14.5445,
2884,14.0395,
2885,13.6879,
2886,13.7852,
2887,13.5887,
2888,13.1762,
2889,14.3791,
2890,13.2176,
2891,14.2737,
2892,14.0799,
2893,17.0015,
2894,18.1861,
2895,14.6319,
2896,14.1365,
2897,16.5347,
2898,20.0772,
2899,14.9523,
2900,14.721,
2901,13.181,
2902,14.2085,
2903,13.7772,
2904,13.6062,
2905,16.4849,
2906,13.7808,
2907,13.2101,
2908,12.984,
2909,16.2181,
2910,13.3069,
2911,13.8007,
2912,14.2339,
2913,14.7212,
2914,13.5425,
2915,13.4437,
2916,13.3074,
2917,13.2964,
2918,22.0393,
2919,13.2934,
2920,13.7719,
2921,14.7082,
2922,13.4756,
2923,13.8565,
2924,15.0961,
2925,13.8202,
2926,15.1697,
2927,16.055,
2928,14.5025,
2929,20.6108,
2930,18.9795,
2931,14.1711,
2932,14.2393,
2933,16.7054,
2934,14.528,
2935,14.6917,
2936,16.1484,
2937,13.8404,
2938,14.1005,
2939,14.9363,
2940,15.3201,
2941,15.8778,
2942,21.0049,
2943,21.8804,
2944,15.2785,
2945,18.3647,
2946,16.1553,
2947,16.623,
2948,16.0356,
2949,16.1622,
2950,15.648,
2951,16.6144,
2952,15.2069,
2953,16.3978,
2954,21.0427,
2955,20.1754,
2956,15.9117,
2957,23.2372,
2958,16.1261,
2959,14.5953,
2960,16.2876,
2961,14.7326,
2962,16.0174,
2963,15.7065,
2964,19.61,
2965,15.6687,
2966,20.1214,
2967,23.4304,
2968,14.9495,
2969,16.7976,
2970,14.4586,
2971,15.3993,
2972,14.5889,
2973,15.7446,
2974,14.7481,
2975,15.3275,
2976,17.5104,
2977,17.1638,
2978,19.8738,
2979,27.5554,
2980,17.6812,
2981,15.9246,
2982,15.4798,
2983,15.4571,
2984,15.586,
2985,15.0244,
2986,19.7079,
2987,16.3271,
2988,16.3659,
2989,15.977,
2990,21.6686,
2991,17.998,
2992,17.9244,
2993,15.8379,
2994,15.2796,
2995,16.2641,
2996,15.2997,
2997,14.6792,
2998,14.8968,
2999,14.536,
3000,14.7382,
3001,15.7086,
3002,15.6653,
3003,23.0315,
3004,14.9234,
3005,17.5848,
3006,14.9707,
3007,14.6138,
3008,14.6793,
3009,14.5573,
3010,14.6101,
3011,14.4734,
3012,15.8677,
3013,14.7981,
3014,15.0024,
3015,15.16,
3016,21.5735,
3017,17.1159,
3018,17.2222,
3019,16.4772,
3020,17.5647,
3021,16.1745,
3022,15.6322,
3023,15.7982,
3024,15.8109,
3025,15.7361,
3026,14.9895,
3027,16.0586,
3028,18.2246,
3029,14.6607,
3030,16.3572,
3031,20.148,
3032,14.325,
3033,14.2038,
3034,13.9971,
3035,15.0539,
3036,14.0342,
3037,14.6187,
3038,15.6821,
3039,14.8998,
3040,17.1123,
3041,20.1877,
3042,15.6286,
3043,14.9825,
3044,14.3315,
3045,16.6874,
3046,14.8513,
3047,14.0781,
3048,16.0413,
3049,16.5106,
3050,14.2521,
3051,16.7008,
3052,14.2043,
3053,14.2933,
3054,18.1616,
3055,14.393,
3056,15.2901,
3057,16.1103,
3058,14.6889,
3059,15.1167,
3060,14.204,
3061,16.7082,
3062,14.592,
3063,14.8298,
3064,17.0258,
3065,14.7136,
3066,15.0353,
3067,17.1989,
3068,17.5242,
3069,14.4795,
3070,18.6406,
3071,14.4332,
3072,14.6401,
3073,16.7649,
3074,15.8633,
3075,14.1527,
3076,16.0048,
3077,15.3646,
3078,15.4286,
3079,16.2349,
3080,16.4049,
3081,18.7483,
3082,17.1738,
3083,14.4432,
3084,15.6064,
3085,16.457,
3086,15.1988,
3087,14.3583,
3088,14.3591,
3089,16.7251,
3090,14.6456,
3091,14.4489,
3092,14.261,
3093,17.0985,
3094,15.0636,
3095,14.6165,
3096,18.5315,
3097,14.7719,
3098,15.8041,
3099,17.4893,
3100,15.516,
3101,15.7575,
3102,18.599,
3103,16.5478,
3104,15.4334,
3105,15.016,
3106,15.0838,
3107,17.9068,
3108,15.253,
3109,15.0398,
3110,16.1355,
3111,17.8578,
3112,18.627,
3113,18.5939,
3114,15.1692,
3115,15.4493,
3116,16.0562,
3117,16.294,
3118,17.5092,
3119,17.5527,
3120,15.148,
3121,17.7189,
3122,18.908,
3123,16.5634,
3124,18.9878,
3125,16.8041,
3126,15.6774,
3127,17.0842,
3128,15.1765,
3129,16.2216,
3130,17.2349,
3131,15.3627,
3132,17.4567,
3133,17.7092,
3134,15.1364,
3135,15.4642,
3136,17.5177,
3137,15.086,
3138,15.0608,
3139,15.8834,
3140,17.6425,
3141,16.2766,
3142,19.1797,
3143,20.7979,
3144,16.6658,
3145,17.0779,
3146,15.2038,
3147,15.5873,
3148,17.0932,
3149,15.1509,
3150,15.3758,
3151,18.9765,
3152,15.6701,
3153,15.5401,
3154,15.1041,
3155,15.4919,
3156,17.8154,
3157,15.8385,
3158,17.265,
3159,16.4281,
3160,22.5929,
3161,16.1443,
3162,15.9089,
3163,17.4386,
3164,18.0477,
3165,16.0495,
3166,16.5031,
3167,16.0835,
3168,19.3787,
3169,15.8279,
3170,15.4853,
3171,20.5538,
3172,18.4673,
3173,15.9061,
3174,16.1343,
3175,18.1895,
3176,16.6861,
3177,16.6632,
3178,19.0026,
3179,16.7809,
3180,15.8251,
3181,16.3885,
3182,17.7444,
3183,15.8203,
3184,16.3058,
3185,18.4275,
3186,16.5143,
3187,18.7619,
3188,24.0747,
3189,17.7416,
3190,21.1671,
3191,45.5801,
3192,19.243,
3193,17.3442,
3194,23.1536,
3195,18.1841,
3196,18.1845,
3197,20.3328,
3198,19.5163,
3199,17.3539,
3200,19.3484,
3201,17.6755,
3202,19.3104,
3203,19.2906,
3204,17.2349,
3205,17.1786,
3206,19.7149,
3207,18.1479,
3208,18.0709,
3209,18.4883,
3210,16.9843,
3211,17.8654,
3212,16.9962,
3213,18.0355,
3214,18.4075,
3215,19.4099,
3216,17.0845,
3217,19.9948,
3218,18.0325,
3219,20.7551,
3220,17.0268,
3221,18.254,
3222,19.9846,
3223,17.535,
3224,18.4181,
3225,22.3969,
3226,17.1748,
3227,18.6387,
3228,19.9309,
3229,17.5352,
3230,19.6709,
3231,16.9275,
3232,16.6509,
3233,21.0658,
3234,16.997,
3235,19.4925,
3236,19.2209,
3237,18.1324,
3238,20.914,
3239,19.298,
3240,19.229,
3241,16.8763,
3242,16.6884,
3243,16.4832,
3244,16.5756,
3245,17.6275,
3246,17.3656,
3247,22.0956,
3248,18.84,
3249,15.7935,
3250,16.3822,
3251,22.2462,
3252,19.9766,
3253,16.722,
3254,17.8516,
3255,16.1906,
3256,15.8393,
3257,17.8249,
3258,17.0557,
3259,21.2755,
3260,18.5382,
3261,19.7205,
3262,16.0675,
3263,19.5805,
3264,16.5817,
3265,16.3837,
3266,16.8816,
3267,18.1423,
3268,15.8176,
3269,15.9115,
3270,19.661,
3271,16.4256,
3272,19.1868,
3273,19.2802,
3274,16.329,
3275,16.854,
3276,19.1368,
3277,16.094,
3278,20.5514,
3279,16.991,
3280,18.7126,
3281,18.0295,
3282,15.8134,
3283,20.635,
3284,16.3663,
3285,16.0208,
3286,18.2923,
3287,16.4142,
3288,16.0164,
3289,19.4917,
3290,17.4468,
3291,17.3824,
3292,17.2169,
3293,15.549,
3294,15.8369,
3295,17.9072,
3296,16.3414,
3297,16.8093,
3298,19.3523,
3299,16.8898,
3300,17.1945,
3301,18.5155,
3302,17.3858,
3303,17.0541,
3304,16.8394,
3305,15.8762,
3306,16.7082,
3307,20.8369,
3308,20.0167,
3309,19.1719,
3310,16.0344,
3311,18.1585,
3312,19.461,
3313,16.6537,
3314,18.7834,
3315,18.096,
3316,15.8818,
3317,18.6074,
3318,16.2937,
3319,16.6411,
3320,21.3445,
3321,17.2098,
3322,16.2098,
3323,18.162,
3324,18.1915,
3325,17.2863,
3326,18.7158,
3327,16.1535,
3328,19.4688,
3329,22.2963,
3330,15.9796,
3331,15.5297,
3332,97.0715,
3333,24.1388,
3334,18.1583,
3335,18.0861,
3336,14.7736,
3337,14.7741,
3338,14.9142,
3339,17.3697,
3340,15.5929,
3341,14.8063,
3342,14.8699,
3343,17.0841,
3344,15.1242,
3345,14.9621,
3346,17.0742,
3347,15.7029,
3348,15.1196,
3349,15.3646,
3350,15.2451,
3351,18.3847,
3352,15.0404,
3353,18.7388,
3354,16.3169,
3355,16.836,
3356,18.2211,
3357,14.8734,
3358,16.2555,
3359,17.5953,
3360,15.3556,
3361,15.4899,
3362,18.6324,
3363,18.6749,
3364,17.9866,
3365,16.4739,
